title;start;cm_bioen_ef_scen;cm_regi_bioen_ef;cm_bioen_coemi_factor_CO2;cm_bioenTrdScen;cm_bioenergy_tax;CES_parameters;cm_rcp_scen;cm_iterative_target_adj;cm_nash_autoconverge;cm_iteration_max;c_budgetCO2;carbonprice;cm_co2_tax_2020;cm_peakBudgYr;cm_taxCO2inc_after_peakBudgYr;cm_CO2priceRegConvEndYr;cm_emiscen;cm_earlyreti_rate;cm_fetaxscen;cm_co2_tax_growth;c_ccsinjecratescen;c_ccscapratescen;techpol;cm_POPscen;cm_GDPscen;cm_oil_scen;cm_gas_scen;cm_coal_scen;c_techAssumptScen;cm_nucscen;cm_so2tax_scen;cm_multigasscen;cm_OILRETIRE;cm_LU_emi_scen;cm_tradecost_bio;cm_1stgen_phaseout;c_SSP_forcing_adjust;cm_APscen;cm_startyear;path_gdx;path_gdx_ref;path_gdx_bau
SSP2-Base-bio_on-LUtax_000-trd_on-ef_00;1;directInput;glob;0;1;0;load;none;0;1;1;0;none;-1;2100;3;2050;1;0.09;3;1.05;1;1;none;pop_SSP2;gdp_SSP2;medOil;medGas;medCoal;1;2;1;2;off;SSP2;2;0;forcing_SSP2;SSP2;2005;./config/input.gdx;;
SSP2-NDC-bio_on-LUtax_000-trd_on-ef_00;1;directInput;glob;0;1;0;load;rcp45;3;1;1;0;NDC2018;1;2100;3;2050;9;0.09;3;1.05;1;1;NDC2018;pop_SSP2;gdp_SSP2;medOil;medGas;medCoal;1;2;1;3;off;SSP2;2;0;forcing_SSP2;SSP2;2015;./config/input.gdx;SSP2-Base-bio_on-LUtax_000-trd_on-ef_00;SSP2-Base-bio_on-LUtax_000-trd_on-ef_00
SSP2-PkBudg1300-bio_on-LUtax_000-trd_on-ef_00;1;directInput;glob;0;1;0;load;rcp26;9;1;1;1300;diffCurvPhaseIn2Lin;60;2100;3;2050;9;0.09;3;1.05;1;1;NDC2018;pop_SSP2;gdp_SSP2;medOil;medGas;medCoal;1;2;1;2;on;SSP2;2;0;forcing_SSP2;SSP2;2025;./config/input.gdx;SSP2-NDC-bio_on-LUtax_000-trd_on-ef_00;SSP2-Base-bio_on-LUtax_000-trd_on-ef_00
SSP2-PkBudg1300-bio_on-LUtax_000-trd_on-ef_10;1;directInput;glob;10;1;0;load;rcp26;9;1;1;1300;diffCurvPhaseIn2Lin;60;2100;3;2050;9;0.09;3;1.05;1;1;NDC2018;pop_SSP2;gdp_SSP2;medOil;medGas;medCoal;1;2;1;2;on;SSP2;2;0;forcing_SSP2;SSP2;2025;./config/input.gdx;SSP2-NDC-bio_on-LUtax_000-trd_on-ef_00;SSP2-Base-bio_on-LUtax_000-trd_on-ef_00
SSP2-PkBudg1300-bio_on-LUtax_000-trd_on-ef_20;1;directInput;glob;20;1;0;load;rcp26;9;1;1;1300;diffCurvPhaseIn2Lin;60;2100;3;2050;9;0.09;3;1.05;1;1;NDC2018;pop_SSP2;gdp_SSP2;medOil;medGas;medCoal;1;2;1;2;on;SSP2;2;0;forcing_SSP2;SSP2;2025;./config/input.gdx;SSP2-NDC-bio_on-LUtax_000-trd_on-ef_00;SSP2-Base-bio_on-LUtax_000-trd_on-ef_00
SSP2-PkBudg1300-bio_on-LUtax_000-trd_on-ef_30;1;directInput;glob;30;1;0;load;rcp26;9;1;1;1300;diffCurvPhaseIn2Lin;60;2100;3;2050;9;0.09;3;1.05;1;1;NDC2018;pop_SSP2;gdp_SSP2;medOil;medGas;medCoal;1;2;1;2;on;SSP2;2;0;forcing_SSP2;SSP2;2025;./config/input.gdx;SSP2-NDC-bio_on-LUtax_000-trd_on-ef_00;SSP2-Base-bio_on-LUtax_000-trd_on-ef_00
SSP2-PkBudg1300-bio_on-LUtax_000-trd_on-ef_40;1;directInput;glob;40;1;0;load;rcp26;9;1;1;1300;diffCurvPhaseIn2Lin;60;2100;3;2050;9;0.09;3;1.05;1;1;NDC2018;pop_SSP2;gdp_SSP2;medOil;medGas;medCoal;1;2;1;2;on;SSP2;2;0;forcing_SSP2;SSP2;2025;./config/input.gdx;SSP2-NDC-bio_on-LUtax_000-trd_on-ef_00;SSP2-Base-bio_on-LUtax_000-trd_on-ef_00
SSP2-PkBudg1300-bio_on-LUtax_000-trd_on-ef_50;1;directInput;glob;50;1;0;load;rcp26;9;1;1;1300;diffCurvPhaseIn2Lin;60;2100;3;2050;9;0.09;3;1.05;1;1;NDC2018;pop_SSP2;gdp_SSP2;medOil;medGas;medCoal;1;2;1;2;on;SSP2;2;0;forcing_SSP2;SSP2;2025;./config/input.gdx;SSP2-NDC-bio_on-LUtax_000-trd_on-ef_00;SSP2-Base-bio_on-LUtax_000-trd_on-ef_00
SSP2-PkBudg1300-bio_on-LUtax_000-trd_on-ef_60;1;directInput;glob;60;1;0;load;rcp26;9;1;1;1300;diffCurvPhaseIn2Lin;60;2100;3;2050;9;0.09;3;1.05;1;1;NDC2018;pop_SSP2;gdp_SSP2;medOil;medGas;medCoal;1;2;1;2;on;SSP2;2;0;forcing_SSP2;SSP2;2025;./config/input.gdx;SSP2-NDC-bio_on-LUtax_000-trd_on-ef_00;SSP2-Base-bio_on-LUtax_000-trd_on-ef_00
SSP2-PkBudg1300-bio_on-LUtax_000-trd_off-ef_00;1;directInput;glob;0;0;0;load;rcp26;9;1;1;1300;diffCurvPhaseIn2Lin;60;2100;3;2050;9;0.09;3;1.05;1;1;NDC2018;pop_SSP2;gdp_SSP2;medOil;medGas;medCoal;1;2;1;2;on;SSP2;2;0;forcing_SSP2;SSP2;2025;./config/input.gdx;SSP2-NDC-bio_on-LUtax_000-trd_on-ef_00;SSP2-Base-bio_on-LUtax_000-trd_on-ef_00
SSP2-PkBudg1300-bio_on-LUtax_000-trd_off-ef_10;1;directInput;glob;10;0;0;load;rcp26;9;1;1;1300;diffCurvPhaseIn2Lin;60;2100;3;2050;9;0.09;3;1.05;1;1;NDC2018;pop_SSP2;gdp_SSP2;medOil;medGas;medCoal;1;2;1;2;on;SSP2;2;0;forcing_SSP2;SSP2;2025;./config/input.gdx;SSP2-NDC-bio_on-LUtax_000-trd_on-ef_00;SSP2-Base-bio_on-LUtax_000-trd_on-ef_00
SSP2-PkBudg1300-bio_on-LUtax_000-trd_off-ef_20;1;directInput;glob;20;0;0;load;rcp26;9;1;1;1300;diffCurvPhaseIn2Lin;60;2100;3;2050;9;0.09;3;1.05;1;1;NDC2018;pop_SSP2;gdp_SSP2;medOil;medGas;medCoal;1;2;1;2;on;SSP2;2;0;forcing_SSP2;SSP2;2025;./config/input.gdx;SSP2-NDC-bio_on-LUtax_000-trd_on-ef_00;SSP2-Base-bio_on-LUtax_000-trd_on-ef_00
SSP2-PkBudg1300-bio_on-LUtax_000-trd_off-ef_30;1;directInput;glob;30;0;0;load;rcp26;9;1;1;1300;diffCurvPhaseIn2Lin;60;2100;3;2050;9;0.09;3;1.05;1;1;NDC2018;pop_SSP2;gdp_SSP2;medOil;medGas;medCoal;1;2;1;2;on;SSP2;2;0;forcing_SSP2;SSP2;2025;./config/input.gdx;SSP2-NDC-bio_on-LUtax_000-trd_on-ef_00;SSP2-Base-bio_on-LUtax_000-trd_on-ef_00
SSP2-PkBudg1300-bio_on-LUtax_000-trd_off-ef_40;1;directInput;glob;40;0;0;load;rcp26;9;1;1;1300;diffCurvPhaseIn2Lin;60;2100;3;2050;9;0.09;3;1.05;1;1;NDC2018;pop_SSP2;gdp_SSP2;medOil;medGas;medCoal;1;2;1;2;on;SSP2;2;0;forcing_SSP2;SSP2;2025;./config/input.gdx;SSP2-NDC-bio_on-LUtax_000-trd_on-ef_00;SSP2-Base-bio_on-LUtax_000-trd_on-ef_00
SSP2-PkBudg1300-bio_on-LUtax_000-trd_off-ef_50;1;directInput;glob;50;0;0;load;rcp26;9;1;1;1300;diffCurvPhaseIn2Lin;60;2100;3;2050;9;0.09;3;1.05;1;1;NDC2018;pop_SSP2;gdp_SSP2;medOil;medGas;medCoal;1;2;1;2;on;SSP2;2;0;forcing_SSP2;SSP2;2025;./config/input.gdx;SSP2-NDC-bio_on-LUtax_000-trd_on-ef_00;SSP2-Base-bio_on-LUtax_000-trd_on-ef_00
SSP2-PkBudg1300-bio_on-LUtax_000-trd_off-ef_60;1;directInput;glob;60;0;0;load;rcp26;9;1;1;1300;diffCurvPhaseIn2Lin;60;2100;3;2050;9;0.09;3;1.05;1;1;NDC2018;pop_SSP2;gdp_SSP2;medOil;medGas;medCoal;1;2;1;2;on;SSP2;2;0;forcing_SSP2;SSP2;2025;./config/input.gdx;SSP2-NDC-bio_on-LUtax_000-trd_on-ef_00;SSP2-Base-bio_on-LUtax_000-trd_on-ef_00
SSP2-PkBudg1300-bio_on-LProt_forest-trd_on-ef_00;1;directInput;glob;0;1;0;load;rcp26;9;1;1;1300;diffCurvPhaseIn2Lin;60;2100;3;2050;9;0.09;3;1.05;1;1;NDC2018;pop_SSP2;gdp_SSP2;medOil;medGas;medCoal;1;2;1;2;on;SSP2;2;0;forcing_SSP2;SSP2;2025;./config/input.gdx;SSP2-NDC-bio_on-LUtax_000-trd_on-ef_00;SSP2-Base-bio_on-LUtax_000-trd_on-ef_00
SSP2-PkBudg1300-bio_on-LProt_forest-trd_on-ef_10;1;directInput;glob;10;1;0;load;rcp26;9;1;1;1300;diffCurvPhaseIn2Lin;60;2100;3;2050;9;0.09;3;1.05;1;1;NDC2018;pop_SSP2;gdp_SSP2;medOil;medGas;medCoal;1;2;1;2;on;SSP2;2;0;forcing_SSP2;SSP2;2025;./config/input.gdx;SSP2-NDC-bio_on-LUtax_000-trd_on-ef_00;SSP2-Base-bio_on-LUtax_000-trd_on-ef_00
SSP2-PkBudg1300-bio_on-LProt_forest-trd_on-ef_20;1;directInput;glob;20;1;0;load;rcp26;9;1;1;1300;diffCurvPhaseIn2Lin;60;2100;3;2050;9;0.09;3;1.05;1;1;NDC2018;pop_SSP2;gdp_SSP2;medOil;medGas;medCoal;1;2;1;2;on;SSP2;2;0;forcing_SSP2;SSP2;2025;./config/input.gdx;SSP2-NDC-bio_on-LUtax_000-trd_on-ef_00;SSP2-Base-bio_on-LUtax_000-trd_on-ef_00
SSP2-PkBudg1300-bio_on-LProt_forest-trd_on-ef_30;1;directInput;glob;30;1;0;load;rcp26;9;1;1;1300;diffCurvPhaseIn2Lin;60;2100;3;2050;9;0.09;3;1.05;1;1;NDC2018;pop_SSP2;gdp_SSP2;medOil;medGas;medCoal;1;2;1;2;on;SSP2;2;0;forcing_SSP2;SSP2;2025;./config/input.gdx;SSP2-NDC-bio_on-LUtax_000-trd_on-ef_00;SSP2-Base-bio_on-LUtax_000-trd_on-ef_00
SSP2-PkBudg1300-bio_on-LProt_forest-trd_on-ef_40;1;directInput;glob;40;1;0;load;rcp26;9;1;1;1300;diffCurvPhaseIn2Lin;60;2100;3;2050;9;0.09;3;1.05;1;1;NDC2018;pop_SSP2;gdp_SSP2;medOil;medGas;medCoal;1;2;1;2;on;SSP2;2;0;forcing_SSP2;SSP2;2025;./config/input.gdx;SSP2-NDC-bio_on-LUtax_000-trd_on-ef_00;SSP2-Base-bio_on-LUtax_000-trd_on-ef_00
SSP2-PkBudg1300-bio_on-LProt_forest-trd_on-ef_50;1;directInput;glob;50;1;0;load;rcp26;9;1;1;1300;diffCurvPhaseIn2Lin;60;2100;3;2050;9;0.09;3;1.05;1;1;NDC2018;pop_SSP2;gdp_SSP2;medOil;medGas;medCoal;1;2;1;2;on;SSP2;2;0;forcing_SSP2;SSP2;2025;./config/input.gdx;SSP2-NDC-bio_on-LUtax_000-trd_on-ef_00;SSP2-Base-bio_on-LUtax_000-trd_on-ef_00
SSP2-PkBudg1300-bio_on-LProt_forest-trd_on-ef_60;1;directInput;glob;60;1;0;load;rcp26;9;1;1;1300;diffCurvPhaseIn2Lin;60;2100;3;2050;9;0.09;3;1.05;1;1;NDC2018;pop_SSP2;gdp_SSP2;medOil;medGas;medCoal;1;2;1;2;on;SSP2;2;0;forcing_SSP2;SSP2;2025;./config/input.gdx;SSP2-NDC-bio_on-LUtax_000-trd_on-ef_00;SSP2-Base-bio_on-LUtax_000-trd_on-ef_00
SSP2-PkBudg1300-bio_on-LProt_full-trd_on-ef_00;1;directInput;glob;0;1;0;load;rcp26;9;1;1;1300;diffCurvPhaseIn2Lin;60;2100;3;2050;9;0.09;3;1.05;1;1;NDC2018;pop_SSP2;gdp_SSP2;medOil;medGas;medCoal;1;2;1;2;on;SSP2;2;0;forcing_SSP2;SSP2;2025;./config/input.gdx;SSP2-NDC-bio_on-LUtax_000-trd_on-ef_00;SSP2-Base-bio_on-LUtax_000-trd_on-ef_00
SSP2-PkBudg1300-bio_on-LProt_full-trd_on-ef_10;1;directInput;glob;10;1;0;load;rcp26;9;1;1;1300;diffCurvPhaseIn2Lin;60;2100;3;2050;9;0.09;3;1.05;1;1;NDC2018;pop_SSP2;gdp_SSP2;medOil;medGas;medCoal;1;2;1;2;on;SSP2;2;0;forcing_SSP2;SSP2;2025;./config/input.gdx;SSP2-NDC-bio_on-LUtax_000-trd_on-ef_00;SSP2-Base-bio_on-LUtax_000-trd_on-ef_00
SSP2-PkBudg1300-bio_on-LProt_full-trd_on-ef_20;1;directInput;glob;20;1;0;load;rcp26;9;1;1;1300;diffCurvPhaseIn2Lin;60;2100;3;2050;9;0.09;3;1.05;1;1;NDC2018;pop_SSP2;gdp_SSP2;medOil;medGas;medCoal;1;2;1;2;on;SSP2;2;0;forcing_SSP2;SSP2;2025;./config/input.gdx;SSP2-NDC-bio_on-LUtax_000-trd_on-ef_00;SSP2-Base-bio_on-LUtax_000-trd_on-ef_00
SSP2-PkBudg1300-bio_on-LProt_full-trd_on-ef_30;1;directInput;glob;30;1;0;load;rcp26;9;1;1;1300;diffCurvPhaseIn2Lin;60;2100;3;2050;9;0.09;3;1.05;1;1;NDC2018;pop_SSP2;gdp_SSP2;medOil;medGas;medCoal;1;2;1;2;on;SSP2;2;0;forcing_SSP2;SSP2;2025;./config/input.gdx;SSP2-NDC-bio_on-LUtax_000-trd_on-ef_00;SSP2-Base-bio_on-LUtax_000-trd_on-ef_00
SSP2-PkBudg1300-bio_on-LProt_full-trd_on-ef_40;1;directInput;glob;40;1;0;load;rcp26;9;1;1;1300;diffCurvPhaseIn2Lin;60;2100;3;2050;9;0.09;3;1.05;1;1;NDC2018;pop_SSP2;gdp_SSP2;medOil;medGas;medCoal;1;2;1;2;on;SSP2;2;0;forcing_SSP2;SSP2;2025;./config/input.gdx;SSP2-NDC-bio_on-LUtax_000-trd_on-ef_00;SSP2-Base-bio_on-LUtax_000-trd_on-ef_00
SSP2-PkBudg1300-bio_on-LProt_full-trd_on-ef_50;1;directInput;glob;50;1;0;load;rcp26;9;1;1;1300;diffCurvPhaseIn2Lin;60;2100;3;2050;9;0.09;3;1.05;1;1;NDC2018;pop_SSP2;gdp_SSP2;medOil;medGas;medCoal;1;2;1;2;on;SSP2;2;0;forcing_SSP2;SSP2;2025;./config/input.gdx;SSP2-NDC-bio_on-LUtax_000-trd_on-ef_00;SSP2-Base-bio_on-LUtax_000-trd_on-ef_00
SSP2-PkBudg1300-bio_on-LProt_full-trd_on-ef_60;1;directInput;glob;60;1;0;load;rcp26;9;1;1;1300;diffCurvPhaseIn2Lin;60;2100;3;2050;9;0.09;3;1.05;1;1;NDC2018;pop_SSP2;gdp_SSP2;medOil;medGas;medCoal;1;2;1;2;on;SSP2;2;0;forcing_SSP2;SSP2;2025;./config/input.gdx;SSP2-NDC-bio_on-LUtax_000-trd_on-ef_00;SSP2-Base-bio_on-LUtax_000-trd_on-ef_00
SSP2-PkBudg1300-bio_on-LProt_forest-trd_off-ef_00;1;directInput;glob;0;0;0;load;rcp26;9;1;1;1300;diffCurvPhaseIn2Lin;60;2100;3;2050;9;0.09;3;1.05;1;1;NDC2018;pop_SSP2;gdp_SSP2;medOil;medGas;medCoal;1;2;1;2;on;SSP2;2;0;forcing_SSP2;SSP2;2025;./config/input.gdx;SSP2-NDC-bio_on-LUtax_000-trd_on-ef_00;SSP2-Base-bio_on-LUtax_000-trd_on-ef_00
SSP2-PkBudg1300-bio_on-LProt_forest-trd_off-ef_10;1;directInput;glob;10;0;0;load;rcp26;9;1;1;1300;diffCurvPhaseIn2Lin;60;2100;3;2050;9;0.09;3;1.05;1;1;NDC2018;pop_SSP2;gdp_SSP2;medOil;medGas;medCoal;1;2;1;2;on;SSP2;2;0;forcing_SSP2;SSP2;2025;./config/input.gdx;SSP2-NDC-bio_on-LUtax_000-trd_on-ef_00;SSP2-Base-bio_on-LUtax_000-trd_on-ef_00
SSP2-PkBudg1300-bio_on-LProt_forest-trd_off-ef_20;1;directInput;glob;20;0;0;load;rcp26;9;1;1;1300;diffCurvPhaseIn2Lin;60;2100;3;2050;9;0.09;3;1.05;1;1;NDC2018;pop_SSP2;gdp_SSP2;medOil;medGas;medCoal;1;2;1;2;on;SSP2;2;0;forcing_SSP2;SSP2;2025;./config/input.gdx;SSP2-NDC-bio_on-LUtax_000-trd_on-ef_00;SSP2-Base-bio_on-LUtax_000-trd_on-ef_00
SSP2-PkBudg1300-bio_on-LProt_forest-trd_off-ef_30;1;directInput;glob;30;0;0;load;rcp26;9;1;1;1300;diffCurvPhaseIn2Lin;60;2100;3;2050;9;0.09;3;1.05;1;1;NDC2018;pop_SSP2;gdp_SSP2;medOil;medGas;medCoal;1;2;1;2;on;SSP2;2;0;forcing_SSP2;SSP2;2025;./config/input.gdx;SSP2-NDC-bio_on-LUtax_000-trd_on-ef_00;SSP2-Base-bio_on-LUtax_000-trd_on-ef_00
SSP2-PkBudg1300-bio_on-LProt_forest-trd_off-ef_40;1;directInput;glob;40;0;0;load;rcp26;9;1;1;1300;diffCurvPhaseIn2Lin;60;2100;3;2050;9;0.09;3;1.05;1;1;NDC2018;pop_SSP2;gdp_SSP2;medOil;medGas;medCoal;1;2;1;2;on;SSP2;2;0;forcing_SSP2;SSP2;2025;./config/input.gdx;SSP2-NDC-bio_on-LUtax_000-trd_on-ef_00;SSP2-Base-bio_on-LUtax_000-trd_on-ef_00
SSP2-PkBudg1300-bio_on-LProt_forest-trd_off-ef_50;1;directInput;glob;50;0;0;load;rcp26;9;1;1;1300;diffCurvPhaseIn2Lin;60;2100;3;2050;9;0.09;3;1.05;1;1;NDC2018;pop_SSP2;gdp_SSP2;medOil;medGas;medCoal;1;2;1;2;on;SSP2;2;0;forcing_SSP2;SSP2;2025;./config/input.gdx;SSP2-NDC-bio_on-LUtax_000-trd_on-ef_00;SSP2-Base-bio_on-LUtax_000-trd_on-ef_00
SSP2-PkBudg1300-bio_on-LProt_forest-trd_off-ef_60;1;directInput;glob;60;0;0;load;rcp26;9;1;1;1300;diffCurvPhaseIn2Lin;60;2100;3;2050;9;0.09;3;1.05;1;1;NDC2018;pop_SSP2;gdp_SSP2;medOil;medGas;medCoal;1;2;1;2;on;SSP2;2;0;forcing_SSP2;SSP2;2025;./config/input.gdx;SSP2-NDC-bio_on-LUtax_000-trd_on-ef_00;SSP2-Base-bio_on-LUtax_000-trd_on-ef_00
SSP2-PkBudg1300-bio_on-LProt_full-trd_off-ef_00;1;directInput;glob;0;0;0;load;rcp26;9;1;1;1300;diffCurvPhaseIn2Lin;60;2100;3;2050;9;0.09;3;1.05;1;1;NDC2018;pop_SSP2;gdp_SSP2;medOil;medGas;medCoal;1;2;1;2;on;SSP2;2;0;forcing_SSP2;SSP2;2025;./config/input.gdx;SSP2-NDC-bio_on-LUtax_000-trd_on-ef_00;SSP2-Base-bio_on-LUtax_000-trd_on-ef_00
SSP2-PkBudg1300-bio_on-LProt_full-trd_off-ef_10;1;directInput;glob;10;0;0;load;rcp26;9;1;1;1300;diffCurvPhaseIn2Lin;60;2100;3;2050;9;0.09;3;1.05;1;1;NDC2018;pop_SSP2;gdp_SSP2;medOil;medGas;medCoal;1;2;1;2;on;SSP2;2;0;forcing_SSP2;SSP2;2025;./config/input.gdx;SSP2-NDC-bio_on-LUtax_000-trd_on-ef_00;SSP2-Base-bio_on-LUtax_000-trd_on-ef_00
SSP2-PkBudg1300-bio_on-LProt_full-trd_off-ef_20;1;directInput;glob;20;0;0;load;rcp26;9;1;1;1300;diffCurvPhaseIn2Lin;60;2100;3;2050;9;0.09;3;1.05;1;1;NDC2018;pop_SSP2;gdp_SSP2;medOil;medGas;medCoal;1;2;1;2;on;SSP2;2;0;forcing_SSP2;SSP2;2025;./config/input.gdx;SSP2-NDC-bio_on-LUtax_000-trd_on-ef_00;SSP2-Base-bio_on-LUtax_000-trd_on-ef_00
SSP2-PkBudg1300-bio_on-LProt_full-trd_off-ef_30;1;directInput;glob;30;0;0;load;rcp26;9;1;1;1300;diffCurvPhaseIn2Lin;60;2100;3;2050;9;0.09;3;1.05;1;1;NDC2018;pop_SSP2;gdp_SSP2;medOil;medGas;medCoal;1;2;1;2;on;SSP2;2;0;forcing_SSP2;SSP2;2025;./config/input.gdx;SSP2-NDC-bio_on-LUtax_000-trd_on-ef_00;SSP2-Base-bio_on-LUtax_000-trd_on-ef_00
SSP2-PkBudg1300-bio_on-LProt_full-trd_off-ef_40;1;directInput;glob;40;0;0;load;rcp26;9;1;1;1300;diffCurvPhaseIn2Lin;60;2100;3;2050;9;0.09;3;1.05;1;1;NDC2018;pop_SSP2;gdp_SSP2;medOil;medGas;medCoal;1;2;1;2;on;SSP2;2;0;forcing_SSP2;SSP2;2025;./config/input.gdx;SSP2-NDC-bio_on-LUtax_000-trd_on-ef_00;SSP2-Base-bio_on-LUtax_000-trd_on-ef_00
SSP2-PkBudg1300-bio_on-LProt_full-trd_off-ef_50;1;directInput;glob;50;0;0;load;rcp26;9;1;1;1300;diffCurvPhaseIn2Lin;60;2100;3;2050;9;0.09;3;1.05;1;1;NDC2018;pop_SSP2;gdp_SSP2;medOil;medGas;medCoal;1;2;1;2;on;SSP2;2;0;forcing_SSP2;SSP2;2025;./config/input.gdx;SSP2-NDC-bio_on-LUtax_000-trd_on-ef_00;SSP2-Base-bio_on-LUtax_000-trd_on-ef_00
SSP2-PkBudg1300-bio_on-LProt_full-trd_off-ef_60;1;directInput;glob;60;0;0;load;rcp26;9;1;1;1300;diffCurvPhaseIn2Lin;60;2100;3;2050;9;0.09;3;1.05;1;1;NDC2018;pop_SSP2;gdp_SSP2;medOil;medGas;medCoal;1;2;1;2;on;SSP2;2;0;forcing_SSP2;SSP2;2025;./config/input.gdx;SSP2-NDC-bio_on-LUtax_000-trd_on-ef_00;SSP2-Base-bio_on-LUtax_000-trd_on-ef_00
SSP2-PkBudg1300-bio_on-LProt_primforest-trd_on-ef_00;1;directInput;glob;0;1;0;load;rcp26;9;1;1;1300;diffCurvPhaseIn2Lin;60;2100;3;2050;9;0.09;3;1.05;1;1;NDC2018;pop_SSP2;gdp_SSP2;medOil;medGas;medCoal;1;2;1;2;on;SSP2;2;0;forcing_SSP2;SSP2;2025;./config/input.gdx;SSP2-NDC-bio_on-LUtax_000-trd_on-ef_00;SSP2-Base-bio_on-LUtax_000-trd_on-ef_00
SSP2-PkBudg1300-bio_on-LProt_BH-trd_on-ef_00;1;directInput;glob;0;1;0;load;rcp26;9;1;1;1300;diffCurvPhaseIn2Lin;60;2100;3;2050;9;0.09;3;1.05;1;1;NDC2018;pop_SSP2;gdp_SSP2;medOil;medGas;medCoal;1;2;1;2;on;SSP2;2;0;forcing_SSP2;SSP2;2025;./config/input.gdx;SSP2-NDC-bio_on-LUtax_000-trd_on-ef_00;SSP2-Base-bio_on-LUtax_000-trd_on-ef_00
SSP2-PkBudg1300-bio_on-LProt_FF-trd_on-ef_00;1;directInput;glob;0;1;0;load;rcp26;9;1;1;1300;diffCurvPhaseIn2Lin;60;2100;3;2050;9;0.09;3;1.05;1;1;NDC2018;pop_SSP2;gdp_SSP2;medOil;medGas;medCoal;1;2;1;2;on;SSP2;2;0;forcing_SSP2;SSP2;2025;./config/input.gdx;SSP2-NDC-bio_on-LUtax_000-trd_on-ef_00;SSP2-Base-bio_on-LUtax_000-trd_on-ef_00
SSP2-PkBudg1300-bio_on-LProt_CPD-trd_on-ef_00;1;directInput;glob;0;1;0;load;rcp26;9;1;1;1300;diffCurvPhaseIn2Lin;60;2100;3;2050;9;0.09;3;1.05;1;1;NDC2018;pop_SSP2;gdp_SSP2;medOil;medGas;medCoal;1;2;1;2;on;SSP2;2;0;forcing_SSP2;SSP2;2025;./config/input.gdx;SSP2-NDC-bio_on-LUtax_000-trd_on-ef_00;SSP2-Base-bio_on-LUtax_000-trd_on-ef_00
SSP2-PkBudg1300-bio_on-LProt_LW-trd_on-ef_00;1;directInput;glob;0;1;0;load;rcp26;9;1;1;1300;diffCurvPhaseIn2Lin;60;2100;3;2050;9;0.09;3;1.05;1;1;NDC2018;pop_SSP2;gdp_SSP2;medOil;medGas;medCoal;1;2;1;2;on;SSP2;2;0;forcing_SSP2;SSP2;2025;./config/input.gdx;SSP2-NDC-bio_on-LUtax_000-trd_on-ef_00;SSP2-Base-bio_on-LUtax_000-trd_on-ef_00
SSP2-PkBudg1300-bio_on-LUtax_020-trd_on-ef_00;1;directInput;glob;0;1;0;load;rcp26;9;1;1;1300;diffCurvPhaseIn2Lin;60;2100;3;2050;9;0.09;3;1.05;1;1;NDC2018;pop_SSP2;gdp_SSP2;medOil;medGas;medCoal;1;2;1;2;on;SSP2;2;0;forcing_SSP2;SSP2;2025;./config/input.gdx;SSP2-NDC-bio_on-LUtax_000-trd_on-ef_00;SSP2-Base-bio_on-LUtax_000-trd_on-ef_00
SSP2-PkBudg1300-bio_on-LUtax_100-trd_on-ef_00;1;directInput;glob;0;1;0;load;rcp26;9;1;1;1300;diffCurvPhaseIn2Lin;60;2100;3;2050;9;0.09;3;1.05;1;1;NDC2018;pop_SSP2;gdp_SSP2;medOil;medGas;medCoal;1;2;1;2;on;SSP2;2;0;forcing_SSP2;SSP2;2025;./config/input.gdx;SSP2-NDC-bio_on-LUtax_000-trd_on-ef_00;SSP2-Base-bio_on-LUtax_000-trd_on-ef_00
SSP2-PkBudg1300-bio_on-LUtax_100-trd_off-ef_00;1;directInput;glob;0;0;0;load;rcp26;9;1;1;1300;diffCurvPhaseIn2Lin;60;2100;3;2050;9;0.09;3;1.05;1;1;NDC2018;pop_SSP2;gdp_SSP2;medOil;medGas;medCoal;1;2;1;2;on;SSP2;2;0;forcing_SSP2;SSP2;2025;./config/input.gdx;SSP2-NDC-bio_on-LUtax_000-trd_on-ef_00;SSP2-Base-bio_on-LUtax_000-trd_on-ef_00
SSP2-Base-bio_off-LUtax_000-trd_on-ef_00;1;directInput;glob;100;1;0;load;none;0;1;1;0;none;-1;2100;3;2050;1;0.09;3;1.05;1;1;none;pop_SSP2;gdp_SSP2;medOil;medGas;medCoal;1;2;1;2;off;SSP2;2;0;forcing_SSP2;SSP2;2005;./config/input.gdx;;
SSP2-NDC-bio_off-LUtax_000-trd_on-ef_00;1;directInput;glob;100;1;0;load;rcp45;3;1;1;0;NDC2018;1;2100;3;2050;9;0.09;3;1.05;1;1;NDC2018;pop_SSP2;gdp_SSP2;medOil;medGas;medCoal;1;2;1;3;off;SSP2;2;0;forcing_SSP2;SSP2;2015;./config/input.gdx;SSP2-Base-bio_off-LUtax_000-trd_on-ef_00;SSP2-Base-bio_off-LUtax_000-trd_on-ef_00
SSP2-PkBudg1300-bio_off-LUtax_000-trd_on-ef_00;1;directInput;glob;100;1;0;load;rcp26;9;1;1;1300;diffCurvPhaseIn2Lin;60;2100;3;2050;9;0.09;3;1.05;1;1;NDC2018;pop_SSP2;gdp_SSP2;medOil;medGas;medCoal;1;2;1;2;on;SSP2;2;0;forcing_SSP2;SSP2;2025;./config/input.gdx;SSP2-NDC-bio_off-LUtax_000-trd_on-ef_00;SSP2-Base-bio_off-LUtax_000-trd_on-ef_00
SSP2-PkBudg1300-bio_off-LProt_forest-trd_on-ef_00;1;directInput;glob;100;1;0;load;rcp26;9;1;1;1300;diffCurvPhaseIn2Lin;60;2100;3;2050;9;0.09;3;1.05;1;1;NDC2018;pop_SSP2;gdp_SSP2;medOil;medGas;medCoal;1;2;1;2;on;SSP2;2;0;forcing_SSP2;SSP2;2025;./config/input.gdx;SSP2-NDC-bio_off-LUtax_000-trd_on-ef_00;SSP2-Base-bio_off-LUtax_000-trd_on-ef_00
SSP2-PkBudg1300-bio_off-LProt_full-trd_on-ef_00;1;directInput;glob;100;1;0;load;rcp26;9;1;1;1300;diffCurvPhaseIn2Lin;60;2100;3;2050;9;0.09;3;1.05;1;1;NDC2018;pop_SSP2;gdp_SSP2;medOil;medGas;medCoal;1;2;1;2;on;SSP2;2;0;forcing_SSP2;SSP2;2025;./config/input.gdx;SSP2-NDC-bio_off-LUtax_000-trd_on-ef_00;SSP2-Base-bio_off-LUtax_000-trd_on-ef_00
SSP2-PkBudg1300-bio_off-LProt_primforest-trd_on-ef_00;1;directInput;glob;100;1;0;load;rcp26;9;1;1;1300;diffCurvPhaseIn2Lin;60;2100;3;2050;9;0.09;3;1.05;1;1;NDC2018;pop_SSP2;gdp_SSP2;medOil;medGas;medCoal;1;2;1;2;on;SSP2;2;0;forcing_SSP2;SSP2;2025;./config/input.gdx;SSP2-NDC-bio_on-LUtax_000-trd_on-ef_00;SSP2-Base-bio_on-LUtax_000-trd_on-ef_00
SSP2-PkBudg1300-bio_off-LProt_BH-trd_on-ef_00;1;directInput;glob;100;1;0;load;rcp26;9;1;1;1300;diffCurvPhaseIn2Lin;60;2100;3;2050;9;0.09;3;1.05;1;1;NDC2018;pop_SSP2;gdp_SSP2;medOil;medGas;medCoal;1;2;1;2;on;SSP2;2;0;forcing_SSP2;SSP2;2025;./config/input.gdx;SSP2-NDC-bio_on-LUtax_000-trd_on-ef_00;SSP2-Base-bio_on-LUtax_000-trd_on-ef_00
SSP2-PkBudg1300-bio_off-LProt_FF-trd_on-ef_00;1;directInput;glob;100;1;0;load;rcp26;9;1;1;1300;diffCurvPhaseIn2Lin;60;2100;3;2050;9;0.09;3;1.05;1;1;NDC2018;pop_SSP2;gdp_SSP2;medOil;medGas;medCoal;1;2;1;2;on;SSP2;2;0;forcing_SSP2;SSP2;2025;./config/input.gdx;SSP2-NDC-bio_on-LUtax_000-trd_on-ef_00;SSP2-Base-bio_on-LUtax_000-trd_on-ef_00
SSP2-PkBudg1300-bio_off-LProt_CPD-trd_on-ef_00;1;directInput;glob;100;1;0;load;rcp26;9;1;1;1300;diffCurvPhaseIn2Lin;60;2100;3;2050;9;0.09;3;1.05;1;1;NDC2018;pop_SSP2;gdp_SSP2;medOil;medGas;medCoal;1;2;1;2;on;SSP2;2;0;forcing_SSP2;SSP2;2025;./config/input.gdx;SSP2-NDC-bio_on-LUtax_000-trd_on-ef_00;SSP2-Base-bio_on-LUtax_000-trd_on-ef_00
SSP2-PkBudg1300-bio_off-LProt_LW-trd_on-ef_00;1;directInput;glob;100;1;0;load;rcp26;9;1;1;1300;diffCurvPhaseIn2Lin;60;2100;3;2050;9;0.09;3;1.05;1;1;NDC2018;pop_SSP2;gdp_SSP2;medOil;medGas;medCoal;1;2;1;2;on;SSP2;2;0;forcing_SSP2;SSP2;2025;./config/input.gdx;SSP2-NDC-bio_on-LUtax_000-trd_on-ef_00;SSP2-Base-bio_on-LUtax_000-trd_on-ef_00
SSP2-PkBudg1300-bio_off-LUtax_020-trd_on-ef_00;1;directInput;glob;100;1;0;load;rcp26;9;1;1;1300;diffCurvPhaseIn2Lin;60;2100;3;2050;9;0.09;3;1.05;1;1;NDC2018;pop_SSP2;gdp_SSP2;medOil;medGas;medCoal;1;2;1;2;on;SSP2;2;0;forcing_SSP2;SSP2;2025;./config/input.gdx;SSP2-NDC-bio_off-LUtax_000-trd_on-ef_00;SSP2-Base-bio_off-LUtax_000-trd_on-ef_00
SSP2-PkBudg1300-bio_off-LUtax_100-trd_on-ef_00;1;directInput;glob;100;1;0;load;rcp26;9;1;1;1300;diffCurvPhaseIn2Lin;60;2100;3;2050;9;0.09;3;1.05;1;1;NDC2018;pop_SSP2;gdp_SSP2;medOil;medGas;medCoal;1;2;1;2;on;SSP2;2;0;forcing_SSP2;SSP2;2025;./config/input.gdx;SSP2-NDC-bio_off-LUtax_000-trd_on-ef_00;SSP2-Base-bio_off-LUtax_000-trd_on-ef_00
SSP2-PkBudg1300-bio_on-LUtax_000-trd_on-ef_21;1;directInput;glob;21;1;0;load;rcp26;9;1;1;1300;diffCurvPhaseIn2Lin;60;2100;3;2050;9;0.09;3;1.05;1;1;NDC2018;pop_SSP2;gdp_SSP2;medOil;medGas;medCoal;1;2;1;2;on;SSP2;2;0;forcing_SSP2;SSP2;2025;./config/input.gdx;SSP2-NDC-bio_on-LUtax_000-trd_on-ef_00;SSP2-Base-bio_on-LUtax_000-trd_on-ef_00
SSP2-PkBudg1300-bio_on-LUtax_000-trd_on-ef_26;1;directInput;glob;26;1;0;load;rcp26;9;1;1;1300;diffCurvPhaseIn2Lin;60;2100;3;2050;9;0.09;3;1.05;1;1;NDC2018;pop_SSP2;gdp_SSP2;medOil;medGas;medCoal;1;2;1;2;on;SSP2;2;0;forcing_SSP2;SSP2;2025;./config/input.gdx;SSP2-NDC-bio_on-LUtax_000-trd_on-ef_00;SSP2-Base-bio_on-LUtax_000-trd_on-ef_00
SSP2-PkBudg1300-bio_on-LUtax_000-trd_on-efEUR_20;1;directInput;EUR;20;1;0;load;rcp26;9;1;1;1300;diffCurvPhaseIn2Lin;60;2100;3;2050;9;0.09;3;1.05;1;1;NDC2018;pop_SSP2;gdp_SSP2;medOil;medGas;medCoal;1;2;1;2;on;SSP2;2;0;forcing_SSP2;SSP2;2025;./config/input.gdx;SSP2-NDC-bio_on-LUtax_000-trd_on-ef_00;SSP2-Base-bio_on-LUtax_000-trd_on-ef_00
SSP2-PkBudg1300-bio_on-LUtax_000-trd_on-efEUR_30;1;directInput;EUR;30;1;0;load;rcp26;9;1;1;1300;diffCurvPhaseIn2Lin;60;2100;3;2050;9;0.09;3;1.05;1;1;NDC2018;pop_SSP2;gdp_SSP2;medOil;medGas;medCoal;1;2;1;2;on;SSP2;2;0;forcing_SSP2;SSP2;2025;./config/input.gdx;SSP2-NDC-bio_on-LUtax_000-trd_on-ef_00;SSP2-Base-bio_on-LUtax_000-trd_on-ef_00
SSP2-PkBudg1300-bio_on-LUtax_000-trd_off-efEUR_20;1;directInput;EUR;20;0;0;load;rcp26;9;1;1;1300;diffCurvPhaseIn2Lin;60;2100;3;2050;9;0.09;3;1.05;1;1;NDC2018;pop_SSP2;gdp_SSP2;medOil;medGas;medCoal;1;2;1;2;on;SSP2;2;0;forcing_SSP2;SSP2;2025;./config/input.gdx;SSP2-NDC-bio_on-LUtax_000-trd_on-ef_00;SSP2-Base-bio_on-LUtax_000-trd_on-ef_00
SSP2-PkBudg1300-bio_on-LUtax_000-trd_off-efEUR_30;1;directInput;EUR;30;0;0;load;rcp26;9;1;1;1300;diffCurvPhaseIn2Lin;60;2100;3;2050;9;0.09;3;1.05;1;1;NDC2018;pop_SSP2;gdp_SSP2;medOil;medGas;medCoal;1;2;1;2;on;SSP2;2;0;forcing_SSP2;SSP2;2025;./config/input.gdx;SSP2-NDC-bio_on-LUtax_000-trd_on-ef_00;SSP2-Base-bio_on-LUtax_000-trd_on-ef_00
SSP2-PkBudg1300-bio_on-LUtax_000-trd_on-efOECD_20;1;directInput;CAZ,EUR,JPN,NEU,USA;20;1;0;load;rcp26;9;1;1;1300;diffCurvPhaseIn2Lin;60;2100;3;2050;9;0.09;3;1.05;1;1;NDC2018;pop_SSP2;gdp_SSP2;medOil;medGas;medCoal;1;2;1;2;on;SSP2;2;0;forcing_SSP2;SSP2;2025;./config/input.gdx;SSP2-NDC-bio_on-LUtax_000-trd_on-ef_00;SSP2-Base-bio_on-LUtax_000-trd_on-ef_00
SSP2-PkBudg1300-bio_on-LUtax_000-trd_on-efOECD_30;1;directInput;CAZ,EUR,JPN,NEU,USA;30;1;0;load;rcp26;9;1;1;1300;diffCurvPhaseIn2Lin;60;2100;3;2050;9;0.09;3;1.05;1;1;NDC2018;pop_SSP2;gdp_SSP2;medOil;medGas;medCoal;1;2;1;2;on;SSP2;2;0;forcing_SSP2;SSP2;2025;./config/input.gdx;SSP2-NDC-bio_on-LUtax_000-trd_on-ef_00;SSP2-Base-bio_on-LUtax_000-trd_on-ef_00
SSP2-PkBudg1300-bio_on-LUtax_000-trd_off-efOECD_20;1;directInput;CAZ,EUR,JPN,NEU,USA;20;0;0;load;rcp26;9;1;1;1300;diffCurvPhaseIn2Lin;60;2100;3;2050;9;0.09;3;1.05;1;1;NDC2018;pop_SSP2;gdp_SSP2;medOil;medGas;medCoal;1;2;1;2;on;SSP2;2;0;forcing_SSP2;SSP2;2025;./config/input.gdx;SSP2-NDC-bio_on-LUtax_000-trd_on-ef_00;SSP2-Base-bio_on-LUtax_000-trd_on-ef_00
SSP2-PkBudg1300-bio_on-LUtax_000-trd_off-efOECD_30;1;directInput;CAZ,EUR,JPN,NEU,USA;30;0;0;load;rcp26;9;1;1;1300;diffCurvPhaseIn2Lin;60;2100;3;2050;9;0.09;3;1.05;1;1;NDC2018;pop_SSP2;gdp_SSP2;medOil;medGas;medCoal;1;2;1;2;on;SSP2;2;0;forcing_SSP2;SSP2;2025;./config/input.gdx;SSP2-NDC-bio_on-LUtax_000-trd_on-ef_00;SSP2-Base-bio_on-LUtax_000-trd_on-ef_00
SSP2-PkBudg1300-bio_on-LUtax_100OECD-trd_on-ef_00;1;directInput;glob;0;1;0;load;rcp26;9;1;1;1300;diffCurvPhaseIn2Lin;60;2100;3;2050;9;0.09;3;1.05;1;1;NDC2018;pop_SSP2;gdp_SSP2;medOil;medGas;medCoal;1;2;1;2;on;SSP2;2;0;forcing_SSP2;SSP2;2025;./config/input.gdx;SSP2-NDC-bio_on-LUtax_000-trd_on-ef_00;SSP2-Base-bio_on-LUtax_000-trd_on-ef_00
SSP2-PkBudg1300-bio_on-LUtax_100OECD-trd_off-ef_00;1;directInput;glob;0;0;0;load;rcp26;9;1;1;1300;diffCurvPhaseIn2Lin;60;2100;3;2050;9;0.09;3;1.05;1;1;NDC2018;pop_SSP2;gdp_SSP2;medOil;medGas;medCoal;1;2;1;2;on;SSP2;2;0;forcing_SSP2;SSP2;2025;./config/input.gdx;SSP2-NDC-bio_on-LUtax_000-trd_on-ef_00;SSP2-Base-bio_on-LUtax_000-trd_on-ef_00
SSP2-PkBudg1300-bio_off-LUtax_100OECD-trd_on-ef_00;1;directInput;glob;100;1;0;load;rcp26;9;1;1;1300;diffCurvPhaseIn2Lin;60;2100;3;2050;9;0.09;3;1.05;1;1;NDC2018;pop_SSP2;gdp_SSP2;medOil;medGas;medCoal;1;2;1;2;on;SSP2;2;0;forcing_SSP2;SSP2;2025;./config/input.gdx;SSP2-NDC-bio_off-LUtax_000-trd_on-ef_00;SSP2-Base-bio_off-LUtax_000-trd_on-ef_00
SSP2-PkBudg1300-bio_on-LUtax_100_2050-trd_on-ef_00;1;directInput;glob;0;1;0;load;rcp26;9;1;1;1300;diffCurvPhaseIn2Lin;60;2100;3;2050;9;0.09;3;1.05;1;1;NDC2018;pop_SSP2;gdp_SSP2;medOil;medGas;medCoal;1;2;1;2;on;SSP2;2;0;forcing_SSP2;SSP2;2025;./config/input.gdx;SSP2-NDC-bio_on-LUtax_000-trd_on-ef_00;SSP2-Base-bio_on-LUtax_000-trd_on-ef_00
SSP2-PkBudg1300-bio_on-LUtax_100_2050-trd_off-ef_00;1;directInput;glob;0;0;0;load;rcp26;9;1;1;1300;diffCurvPhaseIn2Lin;60;2100;3;2050;9;0.09;3;1.05;1;1;NDC2018;pop_SSP2;gdp_SSP2;medOil;medGas;medCoal;1;2;1;2;on;SSP2;2;0;forcing_SSP2;SSP2;2025;./config/input.gdx;SSP2-NDC-bio_on-LUtax_000-trd_on-ef_00;SSP2-Base-bio_on-LUtax_000-trd_on-ef_00
SSP2-PkBudg1300-bio_off-LUtax_100_2050-trd_on-ef_00;1;directInput;glob;100;1;0;load;rcp26;9;1;1;1300;diffCurvPhaseIn2Lin;60;2100;3;2050;9;0.09;3;1.05;1;1;NDC2018;pop_SSP2;gdp_SSP2;medOil;medGas;medCoal;1;2;1;2;on;SSP2;2;0;forcing_SSP2;SSP2;2025;./config/input.gdx;SSP2-NDC-bio_off-LUtax_000-trd_on-ef_00;SSP2-Base-bio_off-LUtax_000-trd_on-ef_00
