title;start;optimization;cm_bioen_ef_scen;cm_sspMagScen;cm_fsMagScen;cm_irMagScen;cm_bioen_coemi_factor_CO2;cm_bioen_coemi_factor_N2O;cm_bioenergy_tax;cm_bioenTrdScen;CES_parameters;cm_rcp_scen;cm_iterative_target_adj;cm_nash_autoconverge;cm_iteration_max;c_budgetCO2;carbonprice;cm_co2_tax_2020;cm_peakBudgYr;cm_taxCO2inc_after_peakBudgYr;cm_CO2priceRegConvEndYr;cm_emiscen;cm_earlyreti_rate;cm_fetaxscen;cm_co2_tax_growth;cm_bioenergymaxscen;c_ccsinjecratescen;c_ccscapratescen;techpol;cm_POPscen;cm_GDPscen;cm_oil_scen;cm_gas_scen;cm_coal_scen;c_techAssumptScen;cm_nucscen;cm_so2tax_scen;cm_multigasscen;cm_OILRETIRE;cm_LU_emi_scen;cm_tradecost_bio;cm_1stgen_phaseout;c_SSP_forcing_adjust;cm_APscen;cm_startyear;path_gdx;path_gdx_ref;path_gdx_bau
SSP1-calibrate;0;nash;off;ssp2;TypeALL;WaterRAINFED;0;0;1.75;1;calibrate;none;0;1;1;0;none;-1;2100;3;2050;1;0.09;2;1.025;0;2;1;none;pop_SSP1;gdp_SSP1;lowOil;lowGas;lowCoal;2;2;4;2;off;SSP1;1;1;forcing_SSP1;SSP1;2005;./config/input.gdx;;
SSP1-Base;0;nash;off;ssp2;TypeALL;WaterRAINFED;0;0;1.75;1;load;none;0;1;1;0;none;-1;2100;3;2050;1;0.09;2;1.025;0;2;1;none;pop_SSP1;gdp_SSP1;lowOil;lowGas;lowCoal;2;2;4;2;off;SSP1;1;1;forcing_SSP1;SSP1;2005;./config/input.gdx;;
SSP1-NDC;0;nash;off;ssp2;TypeALL;WaterRAINFED;0;0;1.75;1;load;rcp45;3;1;1;0;NDC2018;1;2100;3;2050;9;0.09;2;1.025;0;2;1;NDC2018;pop_SSP1;gdp_SSP1;lowOil;lowGas;lowCoal;2;2;4;3;off;SSP1;1;1;forcing_SSP1;SSP1;2025;./config/input.gdx;SSP2-NDC;SSP1-Base
SSP1-NPi;0;nash;off;ssp2;TypeALL;WaterRAINFED;0;0;1.75;1;load;rcp45;3;1;1;0;NPi2018;1;2100;3;2050;9;0.09;2;1.025;0;2;1;NPi2018;pop_SSP1;gdp_SSP1;lowOil;lowGas;lowCoal;2;2;4;3;off;SSP1;1;1;forcing_SSP1;SSP1;2025;./config/input.gdx;SSP2-NDC;SSP1-Base
SSP1-PkBudg900;0;nash;off;ssp2;TypeALL;WaterRAINFED;0;0;1.75;1;load;rcp20;9;1;1;900;diffCurvPhaseIn2Lin;60;2045;3;2050;9;0.09;2;1.025;0;2;1;NDC2018;pop_SSP1;gdp_SSP1;lowOil;lowGas;lowCoal;2;2;4;2;on;SSP1;1;1;forcing_SSP1;SSP1;2025;./config/input.gdx;SSP2-NDC;SSP1-Base
SSP1-PkBudg1100;0;nash;off;ssp2;TypeALL;WaterRAINFED;0;0;1.75;1;load;rcp26;9;1;1;1100;diffCurvPhaseIn2Lin;100;2080;3;2050;9;0.09;2;1.025;0;2;1;NDC2018;pop_SSP1;gdp_SSP1;lowOil;lowGas;lowCoal;2;2;4;2;on;SSP1;1;1;forcing_SSP1;SSP1;2025;./config/input.gdx;SSP2-NDC;SSP1-Base
SSP1-PkBudg1300;0;nash;off;ssp2;TypeALL;WaterRAINFED;0;0;1.75;1;load;rcp26;9;1;1;1300;diffCurvPhaseIn2Lin;60;2100;3;2050;9;0.09;2;1.025;0;2;1;NDC2018;pop_SSP1;gdp_SSP1;lowOil;lowGas;lowCoal;2;2;4;2;on;SSP1;1;1;forcing_SSP1;SSP1;2025;./config/input.gdx;SSP2-NDC;SSP1-Base
SDP-calibrate;0;nash;off;ssp2;TypeALL;WaterRAINFED;0;0;1.75;1;calibrate;none;0;1;1;0;none;-1;2100;3;2050;1;0.12;2;1.025;4;5;1;none;pop_SDP;gdp_SDP;lowOil;lowGas;lowCoal;2;2;4;2;off;SDP;1;1;forcing_SSP1;SSP1;2005;./config/input.gdx;;
SDP-Base;0;nash;off;ssp2;TypeALL;WaterRAINFED;0;0;1.75;1;load;none;0;1;1;0;none;-1;2100;3;2050;1;0.12;2;1.025;4;5;1;none;pop_SDP;gdp_SDP;lowOil;lowGas;lowCoal;2;2;4;2;off;SDP;1;1;forcing_SSP1;SSP1;2005;./config/input.gdx;;
SDP-NDC;0;nash;off;ssp2;TypeALL;WaterRAINFED;0;0;1.75;1;load;rcp45;3;1;1;0;NDC2018;1;2100;3;2050;9;0.12;2;1.025;4;5;1;NDC2018plus;pop_SDP;gdp_SDP;lowOil;lowGas;lowCoal;2;2;4;3;off;SDP;1;1;forcing_SSP1;SSP1;2025;./config/input.gdx;SSP2-NDC;SDP-Base
SDP-NPi;0;nash;off;ssp2;TypeALL;WaterRAINFED;0;0;1.75;1;load;rcp45;3;1;1;0;NPi2018;1;2100;3;2050;9;0.12;2;1.025;4;5;1;NPi2018;pop_SDP;gdp_SDP;lowOil;lowGas;lowCoal;2;2;4;3;off;SDP;1;1;forcing_SSP1;SSP1;2025;./config/input.gdx;SSP2-NDC;SDP-Base
SDP-PkBudg900;0;nash;off;ssp2;TypeALL;WaterRAINFED;0;0;1.75;1;load;rcp20;9;1;1;900;diffCurvPhaseIn2Lin;200;2045;3;2050;9;0.12;2;1.025;4;5;1;NDC2018plus;pop_SDP;gdp_SDP;lowOil;lowGas;lowCoal;2;2;4;2;on;SDP;1;1;forcing_SSP1;SSP1;2025;./config/input.gdx;SSP2-NDC;SDP-Base
SDP-PkBudg1000;0;nash;off;ssp2;TypeALL;WaterRAINFED;0;0;1.75;1;load;rcp20;9;1;1;1000;diffCurvPhaseIn2Lin;150;2045;3;2050;9;0.12;2;1.025;4;5;1;NDC2018plus;pop_SDP;gdp_SDP;lowOil;lowGas;lowCoal;2;2;4;2;on;SDP;1;1;forcing_SSP1;SSP1;2025;./config/input.gdx;SSP2-NDC;SDP-Base
SDP-PkBudg1100;0;nash;off;ssp2;TypeALL;WaterRAINFED;0;0;1.75;1;load;rcp26;9;1;1;1100;diffCurvPhaseIn2Lin;100;2080;3;2050;9;0.12;2;1.025;4;5;1;NDC2018plus;pop_SDP;gdp_SDP;lowOil;lowGas;lowCoal;2;2;4;2;on;SDP;1;1;forcing_SSP1;SSP1;2025;./config/input.gdx;SSP2-NDC;SDP-Base
SDP-PkBudg1300;0;nash;off;ssp2;TypeALL;WaterRAINFED;0;0;1.75;1;load;rcp26;9;1;1;1300;diffCurvPhaseIn2Lin;60;2100;3;2050;9;0.12;2;1.025;4;5;1;NDC2018plus;pop_SDP;gdp_SDP;lowOil;lowGas;lowCoal;2;2;4;2;on;SDP;1;1;forcing_SSP1;SSP1;2025;./config/input.gdx;SSP2-NDC;SDP-Base
SSP2-calibrate;0;nash;off;ssp2;TypeALL;WaterRAINFED;0;0;1.5;1;calibrate;none;0;1;1;0;none;-1;2100;3;2050;1;0.09;3;1.05;0;1;1;none;pop_SSP2;gdp_SSP2;medOil;medGas;medCoal;1;2;1;2;off;SSP2;2;0;forcing_SSP2;SSP2;2005;./config/input.gdx;;
SSP2-Base;0;nash;off;ssp2;TypeALL;WaterRAINFED;0;0;1.5;1;load;none;0;1;1;0;none;-1;2100;3;2050;1;0.09;3;1.05;0;1;1;none;pop_SSP2;gdp_SSP2;medOil;medGas;medCoal;1;2;1;2;off;SSP2;2;0;forcing_SSP2;SSP2;2005;./config/input.gdx;;
SSP2-NDC;0;nash;off;ssp2;TypeALL;WaterRAINFED;0;0;1.5;1;load;rcp45;3;1;1;0;NDC2018;1;2100;3;2050;9;0.09;3;1.05;0;1;1;NDC2018;pop_SSP2;gdp_SSP2;medOil;medGas;medCoal;1;2;1;3;off;SSP2;2;0;forcing_SSP2;SSP2;2015;./config/input.gdx;SSP2-Base;SSP2-Base
SSP2-PkBudg900;0;nash;off;ssp2;TypeALL;WaterRAINFED;0;0;1.5;1;load;rcp20;9;1;1;900;diffCurvPhaseIn2Lin;200;2045;3;2050;9;0.09;3;1.05;0;1;1;NDC2018;pop_SSP2;gdp_SSP2;medOil;medGas;medCoal;1;2;1;2;on;SSP2;2;0;forcing_SSP2;SSP2;2025;./config/input.gdx;SSP2-NDC;SSP2-Base
SSP2-PkBudg1100;0;nash;off;ssp2;TypeALL;WaterRAINFED;0;0;1.5;1;load;rcp26;9;1;1;1100;diffCurvPhaseIn2Lin;100;2080;3;2050;9;0.09;3;1.05;0;1;1;NDC2018;pop_SSP2;gdp_SSP2;medOil;medGas;medCoal;1;2;1;2;on;SSP2;2;0;forcing_SSP2;SSP2;2025;./config/input.gdx;SSP2-NDC;SSP2-Base
SSP2-PkBudg1300;0;nash;off;ssp2;TypeALL;WaterRAINFED;0;0;1.5;1;load;rcp26;9;1;1;1300;diffCurvPhaseIn2Lin;60;2100;3;2050;9;0.09;3;1.05;0;1;1;NDC2018;pop_SSP2;gdp_SSP2;medOil;medGas;medCoal;1;2;1;2;on;SSP2;2;0;forcing_SSP2;SSP2;2025;./config/input.gdx;SSP2-NDC;SSP2-Base
SSP5-calibrate;0;nash;off;ssp2;TypeALL;WaterRAINFED;0;0;1.75;1;calibrate;none;0;1;1;0;none;-1;2100;3;2050;1;0.09;1;1.05;0;3;2;none;pop_SSP5;gdp_SSP5;highOil;highGas;highCoal;3;6;4;2;off;SSP5;1;1;forcing_SSP5;SSP5;2005;./config/input.gdx;;
SSP5-Base;0;nash;off;ssp2;TypeALL;WaterRAINFED;0;0;1.75;1;load;none;0;1;1;0;none;-1;2100;3;2050;1;0.09;1;1.05;0;3;2;none;pop_SSP5;gdp_SSP5;highOil;highGas;highCoal;3;6;4;2;off;SSP5;1;1;forcing_SSP5;SSP5;2005;./config/input.gdx;;
SSP5-NDC;0;nash;off;ssp2;TypeALL;WaterRAINFED;0;0;1.75;1;load;rcp45;3;1;1;0;NDC2018;1;2100;3;2050;9;0.09;1;1.05;0;3;2;NDC2018;pop_SSP5;gdp_SSP5;highOil;highGas;highCoal;3;6;4;3;off;SSP5;1;1;forcing_SSP5;SSP5;2025;./config/input.gdx;SSP2-NDC;SSP5-Base
SSP5-NPi;0;nash;off;ssp2;TypeALL;WaterRAINFED;0;0;1.75;1;load;rcp45;3;1;1;0;NPi2018;1;2100;3;2050;9;0.09;1;1.05;0;3;2;NPi2018;pop_SSP5;gdp_SSP5;highOil;highGas;highCoal;3;6;4;3;off;SSP5;1;1;forcing_SSP5;SSP5;2025;./config/input.gdx;SSP2-NDC;SSP5-Base
SSP5-PkBudg900;0;nash;off;ssp2;TypeALL;WaterRAINFED;0;0;1.75;1;load;rcp20;9;1;1;900;diffCurvPhaseIn2Lin;300;2045;3;2050;9;0.09;1;1.05;0;3;2;NDC2018;pop_SSP5;gdp_SSP5;highOil;highGas;highCoal;3;6;4;2;on;SSP5;1;1;forcing_SSP5;SSP5;2025;./config/input.gdx;SSP2-NDC;SSP5-Base
SSP5-PkBudg1100;0;nash;off;ssp2;TypeALL;WaterRAINFED;0;0;1.75;1;load;rcp26;9;1;1;1100;diffCurvPhaseIn2Lin;150;2080;3;2050;9;0.09;1;1.05;0;3;2;NDC2018;pop_SSP5;gdp_SSP5;highOil;highGas;highCoal;3;6;4;2;on;SSP5;1;1;forcing_SSP5;SSP5;2025;./config/input.gdx;SSP2-NDC;SSP5-Base
SSP5-PkBudg1300;0;nash;off;ssp2;TypeALL;WaterRAINFED;0;0;1.75;1;load;rcp26;9;1;1;1300;diffCurvPhaseIn2Lin;80;2100;3;2050;9;0.09;1;1.05;0;3;2;NDC2018;pop_SSP5;gdp_SSP5;highOil;highGas;highCoal;3;6;4;2;on;SSP5;1;1;forcing_SSP5;SSP5;2025;./config/input.gdx;SSP2-NDC;SSP5-Base
SSP2-Base_begr_betr_rf;0;nash;directInput;ssp2;TypeALL;WaterRAINFED;53.9;20.7;0;1;load;none;0;1;1;0;none;-1;2100;3;2050;1;0.09;3;1.05;0;1;1;none;pop_SSP2;gdp_SSP2;medOil;medGas;medCoal;1;2;1;2;off;SSP2;2;0;forcing_SSP2;SSP2;2005;./config/input.gdx;;
SSP2-NDC_begr_betr_rf;0;nash;directInput;ssp2;TypeALL;WaterRAINFED;53.9;20.7;0;1;load;rcp45;3;1;1;0;NDC2018;1;2100;3;2050;9;0.09;3;1.05;0;1;1;NDC2018;pop_SSP2;gdp_SSP2;medOil;medGas;medCoal;1;2;1;3;off;SSP2;2;0;forcing_SSP2;SSP2;2015;./config/input.gdx;SSP2-Base_begr_betr_rf;SSP2-Base_begr_betr_rf
SSP2-PkBudg1300_begr_betr_rf;0;nash;directInput;ssp2;TypeALL;WaterRAINFED;53.9;20.7;0;1;load;rcp26;9;1;1;1300;diffCurvPhaseIn2Lin;60;2100;3;2050;9;0.09;3;1.05;0;1;1;NDC2018;pop_SSP2;gdp_SSP2;medOil;medGas;medCoal;1;2;1;2;on;SSP2;2;0;forcing_SSP2;SSP2;2025;./config/input.gdx;SSP2-NDC_begr_betr_rf;SSP2-Base_begr_betr_rf
SSP2-Base_coemi-NPI-Budg1300;0;nash;directInput;ssp2;TypeALL;WaterRAINFED;21.4;7.5;0;1;load;none;0;1;1;0;none;-1;2100;3;2050;1;0.09;3;1.05;0;1;1;none;pop_SSP2;gdp_SSP2;medOil;medGas;medCoal;1;2;1;2;off;SSP2;2;0;forcing_SSP2;SSP2;2005;./config/input.gdx;;
SSP2-NDC_coemi-NPI-Budg1300;0;nash;directInput;ssp2;TypeALL;WaterRAINFED;21.4;7.5;0;1;load;rcp45;3;1;1;0;NDC2018;1;2100;3;2050;9;0.09;3;1.05;0;1;1;NDC2018;pop_SSP2;gdp_SSP2;medOil;medGas;medCoal;1;2;1;3;off;SSP2;2;0;forcing_SSP2;SSP2;2015;./config/input.gdx;SSP2-Base_coemi-NPI-Budg1300;SSP2-Base_coemi-NPI-Budg1300
SSP2-PkBudg1300_coemi-NPI-Budg1300;0;nash;directInput;ssp2;TypeALL;WaterRAINFED;21.4;7.5;0;1;load;rcp26;9;1;1;1300;diffCurvPhaseIn2Lin;60;2100;3;2050;9;0.09;3;1.05;0;1;1;NDC2018;pop_SSP2;gdp_SSP2;medOil;medGas;medCoal;1;2;1;2;on;SSP2;2;0;forcing_SSP2;SSP2;2025;./config/input.gdx;SSP2-NDC_coemi-NPI-Budg1300;SSP2-Base_coemi-NPI-Budg1300
SSP2-Base_Mag-noTaxCO2N2O_tau1p5;0;nash;off;ssp2;TypeALL;WaterRAINFED;0;0;1.5;1;load;none;0;1;1;0;none;-1;2100;3;2050;1;0.09;3;1.05;0;1;1;none;pop_SSP2;gdp_SSP2;medOil;medGas;medCoal;1;2;1;2;off;SSP2;2;0;forcing_SSP2;SSP2;2005;./config/input.gdx;;
SSP2-NDC_Mag-noTaxCO2N2O_tau1p5;0;nash;off;ssp2;TypeALL;WaterRAINFED;0;0;1.5;1;load;rcp45;3;1;1;0;NDC2018;1;2100;3;2050;9;0.09;3;1.05;0;1;1;NDC2018;pop_SSP2;gdp_SSP2;medOil;medGas;medCoal;1;2;1;3;off;SSP2;2;0;forcing_SSP2;SSP2;2015;./config/input.gdx;SSP2-Base_Mag-noTaxCO2N2O_tau1p5;SSP2-Base_Mag-noTaxCO2N2O_tau1p5
SSP2-PkBudg1300_Mag-noTaxCO2N2O_tau1p5;0;nash;off;ssp2;TypeALL;WaterRAINFED;0;0;1.5;1;load;rcp26;9;1;1;1300;diffCurvPhaseIn2Lin;60;2100;3;2050;9;0.09;3;1.05;0;1;1;NDC2018;pop_SSP2;gdp_SSP2;medOil;medGas;medCoal;1;2;1;2;on;SSP2;2;0;forcing_SSP2;SSP2;2025;./config/input.gdx;SSP2-NDC_Mag-noTaxCO2N2O_tau1p5;SSP2-Base_Mag-noTaxCO2N2O_tau1p5
SSP2-Base_Mag-noTaxCO2N2O_tau0;0;nash;off;ssp2;TypeALL;WaterRAINFED;0;0;0;1;load;none;0;1;1;0;none;-1;2100;3;2050;1;0.09;3;1.05;0;1;1;none;pop_SSP2;gdp_SSP2;medOil;medGas;medCoal;1;2;1;2;off;SSP2;2;0;forcing_SSP2;SSP2;2005;./config/input.gdx;;
SSP2-NDC_Mag-noTaxCO2N2O_tau0;0;nash;off;ssp2;TypeALL;WaterRAINFED;0;0;0;1;load;rcp45;3;1;1;0;NDC2018;1;2100;3;2050;9;0.09;3;1.05;0;1;1;NDC2018;pop_SSP2;gdp_SSP2;medOil;medGas;medCoal;1;2;1;3;off;SSP2;2;0;forcing_SSP2;SSP2;2015;./config/input.gdx;SSP2-Base_Mag-noTaxCO2N2O_tau0;SSP2-Base_Mag-noTaxCO2N2O_tau0
SSP2-PkBudg1300_Mag-noTaxCO2N2O_tau0;0;nash;off;ssp2;TypeALL;WaterRAINFED;0;0;0;1;load;rcp26;9;1;1;1300;diffCurvPhaseIn2Lin;60;2100;3;2050;9;0.09;3;1.05;0;1;1;NDC2018;pop_SSP2;gdp_SSP2;medOil;medGas;medCoal;1;2;1;2;on;SSP2;2;0;forcing_SSP2;SSP2;2025;./config/input.gdx;SSP2-NDC_Mag-noTaxCO2N2O_tau0;SSP2-Base_Mag-noTaxCO2N2O_tau0
SSP2-Base_Mag-allTaxOff_tau1p5;0;nash;off;ssp2;TypeALL;WaterRAINFED;0;0;1.5;1;load;none;0;1;1;0;none;-1;2100;3;2050;1;0.09;3;1.05;0;1;1;none;pop_SSP2;gdp_SSP2;medOil;medGas;medCoal;1;2;1;2;off;SSP2;2;0;forcing_SSP2;SSP2;2005;./config/input.gdx;;
SSP2-NDC_Mag-allTaxOff_tau1p5;0;nash;off;ssp2;TypeALL;WaterRAINFED;0;0;1.5;1;load;rcp45;3;1;1;0;NDC2018;1;2100;3;2050;9;0.09;3;1.05;0;1;1;NDC2018;pop_SSP2;gdp_SSP2;medOil;medGas;medCoal;1;2;1;3;off;SSP2;2;0;forcing_SSP2;SSP2;2015;./config/input.gdx;SSP2-Base_Mag-allTaxOff_tau1p5;SSP2-Base_Mag-allTaxOff_tau1p5
SSP2-PkBudg1300_Mag-allTaxOff_tau1p5;0;nash;off;ssp2;TypeALL;WaterRAINFED;0;0;1.5;1;load;rcp26;9;1;1;1300;diffCurvPhaseIn2Lin;60;2100;3;2050;9;0.09;3;1.05;0;1;1;NDC2018;pop_SSP2;gdp_SSP2;medOil;medGas;medCoal;1;2;1;2;on;SSP2;2;0;forcing_SSP2;SSP2;2025;./config/input.gdx;SSP2-NDC_Mag-allTaxOff_tau1p5;SSP2-Base_Mag-allTaxOff_tau1p5
SSP2-Base_Mag-allTaxOff_tau0;0;nash;off;ssp2;TypeALL;WaterRAINFED;0;0;0;1;load;none;0;1;1;0;none;-1;2100;3;2050;1;0.09;3;1.05;0;1;1;none;pop_SSP2;gdp_SSP2;medOil;medGas;medCoal;1;2;1;2;off;SSP2;2;0;forcing_SSP2;SSP2;2005;./config/input.gdx;;
SSP2-NDC_Mag-allTaxOff_tau0;0;nash;off;ssp2;TypeALL;WaterRAINFED;0;0;0;1;load;rcp45;3;1;1;0;NDC2018;1;2100;3;2050;9;0.09;3;1.05;0;1;1;NDC2018;pop_SSP2;gdp_SSP2;medOil;medGas;medCoal;1;2;1;3;off;SSP2;2;0;forcing_SSP2;SSP2;2015;./config/input.gdx;SSP2-Base_Mag-allTaxOff_tau0;SSP2-Base_Mag-allTaxOff_tau0
SSP2-PkBudg1300_Mag-allTaxOff_tau0;0;nash;off;ssp2;TypeALL;WaterRAINFED;0;0;0;1;load;rcp26;9;1;1;1300;diffCurvPhaseIn2Lin;60;2100;3;2050;9;0.09;3;1.05;0;1;1;NDC2018;pop_SSP2;gdp_SSP2;medOil;medGas;medCoal;1;2;1;2;on;SSP2;2;0;forcing_SSP2;SSP2;2025;./config/input.gdx;SSP2-NDC_Mag-allTaxOff_tau0;SSP2-Base_Mag-allTaxOff_tau0
SSP2-PkBudg1300_Mag-noTaxCO2N2O_efCO2-00;0;nash;directInput;ssp2;TypeALL;WaterRAINFED;0;0;0;1;load;rcp26;9;1;1;1300;diffCurvPhaseIn2Lin;60;2100;3;2050;9;0.09;3;1.05;0;1;1;NDC2018;pop_SSP2;gdp_SSP2;medOil;medGas;medCoal;1;2;1;2;on;SSP2;2;0;forcing_SSP2;SSP2;2025;./config/input.gdx;SSP2-NDC_Mag-noTaxCO2N2O_tau0;SSP2-Base_Mag-noTaxCO2N2O_tau0
SSP2-PkBudg1300_Mag-noTaxCO2N2O_efCO2-05;0;nash;directInput;ssp2;TypeALL;WaterRAINFED;5;0;0;1;load;rcp26;9;1;1;1300;diffCurvPhaseIn2Lin;60;2100;3;2050;9;0.09;3;1.05;0;1;1;NDC2018;pop_SSP2;gdp_SSP2;medOil;medGas;medCoal;1;2;1;2;on;SSP2;2;0;forcing_SSP2;SSP2;2025;./config/input.gdx;SSP2-NDC_Mag-noTaxCO2N2O_tau0;SSP2-Base_Mag-noTaxCO2N2O_tau0
SSP2-PkBudg1300_Mag-noTaxCO2N2O_efCO2-10;0;nash;directInput;ssp2;TypeALL;WaterRAINFED;10;0;0;1;load;rcp26;9;1;1;1300;diffCurvPhaseIn2Lin;60;2100;3;2050;9;0.09;3;1.05;0;1;1;NDC2018;pop_SSP2;gdp_SSP2;medOil;medGas;medCoal;1;2;1;2;on;SSP2;2;0;forcing_SSP2;SSP2;2025;./config/input.gdx;SSP2-NDC_Mag-noTaxCO2N2O_tau0;SSP2-Base_Mag-noTaxCO2N2O_tau0
SSP2-PkBudg1300_Mag-noTaxCO2N2O_efCO2-20;0;nash;directInput;ssp2;TypeALL;WaterRAINFED;20;0;0;1;load;rcp26;9;1;1;1300;diffCurvPhaseIn2Lin;60;2100;3;2050;9;0.09;3;1.05;0;1;1;NDC2018;pop_SSP2;gdp_SSP2;medOil;medGas;medCoal;1;2;1;2;on;SSP2;2;0;forcing_SSP2;SSP2;2025;./config/input.gdx;SSP2-NDC_Mag-noTaxCO2N2O_tau0;SSP2-Base_Mag-noTaxCO2N2O_tau0
SSP2-PkBudg1300_Mag-noTaxCO2N2O_efCO2-30;0;nash;directInput;ssp2;TypeALL;WaterRAINFED;30;0;0;1;load;rcp26;9;1;1;1300;diffCurvPhaseIn2Lin;60;2100;3;2050;9;0.09;3;1.05;0;1;1;NDC2018;pop_SSP2;gdp_SSP2;medOil;medGas;medCoal;1;2;1;2;on;SSP2;2;0;forcing_SSP2;SSP2;2025;./config/input.gdx;SSP2-NDC_Mag-noTaxCO2N2O_tau0;SSP2-Base_Mag-noTaxCO2N2O_tau0
SSP2-PkBudg1300_Mag-noTaxCO2N2O_efCO2-40;0;nash;directInput;ssp2;TypeALL;WaterRAINFED;40;0;0;1;load;rcp26;9;1;1;1300;diffCurvPhaseIn2Lin;60;2100;3;2050;9;0.09;3;1.05;0;1;1;NDC2018;pop_SSP2;gdp_SSP2;medOil;medGas;medCoal;1;2;1;2;on;SSP2;2;0;forcing_SSP2;SSP2;2025;./config/input.gdx;SSP2-NDC_Mag-noTaxCO2N2O_tau0;SSP2-Base_Mag-noTaxCO2N2O_tau0
SSP2-PkBudg1300_Mag-noTaxCO2N2O_efCO2-50;0;nash;directInput;ssp2;TypeALL;WaterRAINFED;50;0;0;1;load;rcp26;9;1;1;1300;diffCurvPhaseIn2Lin;60;2100;3;2050;9;0.09;3;1.05;0;1;1;NDC2018;pop_SSP2;gdp_SSP2;medOil;medGas;medCoal;1;2;1;2;on;SSP2;2;0;forcing_SSP2;SSP2;2025;./config/input.gdx;SSP2-NDC_Mag-noTaxCO2N2O_tau0;SSP2-Base_Mag-noTaxCO2N2O_tau0
SSP2-PkBudg1300_Mag-noTaxCO2N2O_efCO2-60;0;nash;directInput;ssp2;TypeALL;WaterRAINFED;60;0;0;1;load;rcp26;9;1;1;1300;diffCurvPhaseIn2Lin;60;2100;3;2050;9;0.09;3;1.05;0;1;1;NDC2018;pop_SSP2;gdp_SSP2;medOil;medGas;medCoal;1;2;1;2;on;SSP2;2;0;forcing_SSP2;SSP2;2025;./config/input.gdx;SSP2-NDC_Mag-noTaxCO2N2O_tau0;SSP2-Base_Mag-noTaxCO2N2O_tau0
SSP2-Base_tau0;0;nash;off;ssp2;TypeALL;WaterRAINFED;0;0;0;1;load;none;0;1;1;0;none;-1;2100;3;2050;1;0.09;3;1.05;0;1;1;none;pop_SSP2;gdp_SSP2;medOil;medGas;medCoal;1;2;1;2;off;SSP2;2;0;forcing_SSP2;SSP2;2005;./config/input.gdx;;
SSP2-NDC_tau0;0;nash;off;ssp2;TypeALL;WaterRAINFED;0;0;0;1;load;rcp45;3;1;1;0;NDC2018;1;2100;3;2050;9;0.09;3;1.05;0;1;1;NDC2018;pop_SSP2;gdp_SSP2;medOil;medGas;medCoal;1;2;1;3;off;SSP2;2;0;forcing_SSP2;SSP2;2015;./config/input.gdx;SSP2-Base_tau0;SSP2-Base_tau0
SSP2-PkBudg1300_tau0;0;nash;off;ssp2;TypeALL;WaterRAINFED;0;0;0;1;load;rcp26;9;1;1;1300;diffCurvPhaseIn2Lin;60;2100;3;2050;9;0.09;3;1.05;0;1;1;NDC2018;pop_SSP2;gdp_SSP2;medOil;medGas;medCoal;1;2;1;2;on;SSP2;2;0;forcing_SSP2;SSP2;2025;./config/input.gdx;SSP2-NDC_tau0;SSP2-Base_tau0
SSP2-PkBudg1300_testDirectInput;0;nash;directInput;ssp2;TypeALL;WaterRAINFED;11.11;11.11;0;1;load;rcp26;9;1;1;1300;diffCurvPhaseIn2Lin;60;2100;3;2050;9;0.09;3;1.05;0;1;1;NDC2018;pop_SSP2;gdp_SSP2;medOil;medGas;medCoal;1;2;1;2;on;SSP2;2;0;forcing_SSP2;SSP2;2025;./config/input.gdx;./output/C_SSP2-NDC_Mag-noTaxCO2N2O_tau0-rem-5/fulldata.gdx;./output/C_SSP2-Base_Mag-noTaxCO2N2O_tau0-rem-5/fulldata.gdx
SSP2-PkBudg1300_testExoInput_typeALL;0;nash;T0-th_2020_2100-B100-global;ssp2;TypeALL;WaterRAINFED;0;0;0;1;load;rcp26;9;1;1;1300;diffCurvPhaseIn2Lin;60;2100;3;2050;9;0.09;3;1.05;0;1;1;NDC2018;pop_SSP2;gdp_SSP2;medOil;medGas;medCoal;1;2;1;2;on;SSP2;2;0;forcing_SSP2;SSP2;2025;./config/input.gdx;./output/C_SSP2-NDC_Mag-noTaxCO2N2O_tau0-rem-5/fulldata.gdx;./output/C_SSP2-Base_Mag-noTaxCO2N2O_tau0-rem-5/fulldata.gdx
SSP2-PkBudg1300_testExoInput_typeBETR;0;nash;T0-th_2020_2100-B100-global;ssp2;TypeBETR;WaterRAINFED;0;0;0;1;load;rcp26;9;1;1;1300;diffCurvPhaseIn2Lin;60;2100;3;2050;9;0.09;3;1.05;0;1;1;NDC2018;pop_SSP2;gdp_SSP2;medOil;medGas;medCoal;1;2;1;2;on;SSP2;2;0;forcing_SSP2;SSP2;2025;./config/input.gdx;./output/C_SSP2-NDC_Mag-noTaxCO2N2O_tau0-rem-5/fulldata.gdx;./output/C_SSP2-Base_Mag-noTaxCO2N2O_tau0-rem-5/fulldata.gdx
SSP2-PkBudg1300_default;0;nash;off;ssp2;TypeALL;WaterRAINFED;0;0;0;1;load;rcp26;9;1;1;1300;diffCurvPhaseIn2Lin;60;2100;3;2050;9;0.09;3;1.05;0;1;1;NDC2018;pop_SSP2;gdp_SSP2;medOil;medGas;medCoal;1;2;1;2;on;SSP2;2;0;forcing_SSP2;SSP2;2025;./config/input.gdx;./output/C_SSP2-NDC_Mag-noTaxCO2N2O_tau0-rem-5/fulldata.gdx;./output/C_SSP2-Base_Mag-noTaxCO2N2O_tau0-rem-5/fulldata.gdx
SSP2-PkBudg900_tau0;0;nash;off;ssp2;TypeALL;WaterRAINFED;0;0;0;1;load;rcp20;9;1;1;900;diffCurvPhaseIn2Lin;200;2045;3;2050;9;0.09;3;1.05;0;1;1;NDC2018;pop_SSP2;gdp_SSP2;medOil;medGas;medCoal;1;2;1;2;on;SSP2;2;0;forcing_SSP2;SSP2;2025;./config/input.gdx;SSP2-NDC_tau0;SSP2-Base_tau0
SSP2-PkBudg1100_tau0;0;nash;off;ssp2;TypeALL;WaterRAINFED;0;0;0;1;load;rcp26;9;1;1;1100;diffCurvPhaseIn2Lin;100;2080;3;2050;9;0.09;3;1.05;0;1;1;NDC2018;pop_SSP2;gdp_SSP2;medOil;medGas;medCoal;1;2;1;2;on;SSP2;2;0;forcing_SSP2;SSP2;2025;./config/input.gdx;SSP2-NDC_tau0;SSP2-Base_tau0
SSP2-PkBudg1300_Mag-noTaxCO2N2O_Rem-noBio2;0;nash;off;ssp2;TypeALL;WaterRAINFED;0;0;0;1;load;rcp26;9;1;1;1300;diffCurvPhaseIn2Lin;60;2100;3;2050;9;0.09;3;1.05;9;1;1;NDC2018;pop_SSP2;gdp_SSP2;medOil;medGas;medCoal;1;2;1;2;on;SSP2;2;0;forcing_SSP2;SSP2;2025;./config/input.gdx;SSP2-NDC_Mag-noTaxCO2N2O_tau0;SSP2-Base_Mag-noTaxCO2N2O_tau0
SSP2-Base_tau0_noTrdBio;1;nash;off;ssp2;TypeALL;WaterRAINFED;0;0;0;0;load;none;0;1;1;0;none;-1;2100;3;2050;1;0.09;3;1.05;0;1;1;none;pop_SSP2;gdp_SSP2;medOil;medGas;medCoal;1;2;1;2;off;SSP2;2;0;forcing_SSP2;SSP2;2005;./config/input.gdx;;
SSP2-NDC_tau0_noTrdBio;1;nash;off;ssp2;TypeALL;WaterRAINFED;0;0;0;0;load;rcp45;3;1;1;0;NDC2018;1;2100;3;2050;9;0.09;3;1.05;0;1;1;NDC2018;pop_SSP2;gdp_SSP2;medOil;medGas;medCoal;1;2;1;3;off;SSP2;2;0;forcing_SSP2;SSP2;2015;./config/input.gdx;SSP2-Base_tau0_noTrdBio;SSP2-Base_tau0_noTrdBio
SSP2-PkBudg1300_tau0_noTrdBio;1;nash;off;ssp2;TypeALL;WaterRAINFED;0;0;0;0;load;rcp26;9;1;1;1300;diffCurvPhaseIn2Lin;60;2100;3;2050;9;0.09;3;1.05;0;1;1;NDC2018;pop_SSP2;gdp_SSP2;medOil;medGas;medCoal;1;2;1;2;on;SSP2;2;0;forcing_SSP2;SSP2;2025;./config/input.gdx;SSP2-NDC_tau0_noTrdBio;SSP2-Base_tau0_noTrdBio
